041b6b4fff983e5916738b72049eecfd3c5b22f0f99885e0824d808adee50dbe	a3516dd1da84f694166415aa910c996e5332428faddeee7d402b0eaa07e4ecd6	6b7de79c2b522735da9ab6f71a060b590a0d544540a582b9a60120148e776afa	21d527a3cbb0431701fa66e383cff2315d0d571bffdf02eb952046fa6d286f3b	qtx	qtx_complete_mip_chain	payload_size_mismatch
16bfdc5d63b39c5ee18dfa6d36c38ee08410fb814aeed1599e978e2c59d49b60	39bb472101abfd49a177b86c20c0d25349694dd9af5f5ec535e91196c40c8628	1aade2a6714ddcee4d4ea76a788c4387228710ff2911bbcdaa85edd5e024f05c	3b088ca771e1eafcad17513f6a7f4e26109e41360ac115695bc3ca78cea4c790	qtx	qtx_complete_mip_chain	payload_size_mismatch
2481112fde935c07e2dd5cd3c16e969e2b8a478cca806db87e49235ff05d3fb9	16d05189092a1987438b64f73a6eab8c810e875e776b25d9d3fce18b1fccc841	1aade2a6714ddcee4d4ea76a788c4387228710ff2911bbcdaa85edd5e024f05c	6237a810e294920de3b95675465fb478f737bab36223ffbaaafefbbb51acd49d	qtx	qtx_complete_mip_chain	payload_size_mismatch
39677cdaccdcd420cbd816f9d2fa380244454e30521761c918a2e871573c797a	57e3baf4e5c6079a41fbb8607f361998cd3cd1c2652383e4a85d28ac6d652c63	a594de9d6079da7768745295df341b78ec7fef7526a0639c49dbc04a2da6ff5c	1e291dcc6244385e88c963a2b2abaebc35b332c129cd1883e9e1537a8cec8830	anim	anim_payload_frame_counts	frame_count_mismatch
40d7d1cc62351a9d8580b7f0e6d7b4351fed178f996173eb54083bd19d344e60	264aa0d415221a68786aa56c8eea7e26fb6354d72fbb8048ba55f2a85087726c	a81f2a1afde95e8cd21a036608ada62996fc4b501d18f82f8a23fce28cf48116	adde5c50afa802d43685b8df40dc6c1fa1c60e38eb7075051dab3835c839c24b	qtx	qtx_complete_mip_chain	payload_size_mismatch
5418853dcce34044df16ea9eef5f3d7742237040b2d172999369d61619a71487	70142a5dafb4f779c5cbee5aaafa93cdf1668ba2f0f6acb9a5db9fd7b813b4a0	43997189c360043adb84703ca55e886052126b87672a6452317dc8c3fe7d6c3e	4dda57bcc85a69944689034038a0e133bf9dae176c7422b5c62a2525a2da8b37	qtx	qtx_complete_mip_chain	payload_size_mismatch
5418853dcce34044df16ea9eef5f3d7742237040b2d172999369d61619a71487	90c668609fa505c4c68737271e47d3b7bfd2af03b929c79366ac94de0e9d7a8f	43997189c360043adb84703ca55e886052126b87672a6452317dc8c3fe7d6c3e	4dda57bcc85a69944689034038a0e133bf9dae176c7422b5c62a2525a2da8b37	qtx	qtx_complete_mip_chain	payload_size_mismatch
5418853dcce34044df16ea9eef5f3d7742237040b2d172999369d61619a71487	bdc0cf5c7ce4eeeff68de6776f68a7126bfe50ce98faae18f71046b20a427124	43997189c360043adb84703ca55e886052126b87672a6452317dc8c3fe7d6c3e	4dda57bcc85a69944689034038a0e133bf9dae176c7422b5c62a2525a2da8b37	qtx	qtx_complete_mip_chain	payload_size_mismatch
61051d8d924fe39316547f8eb00abede8954c3cfdf3bced7f1ad2ab55b5ed4b3	c35eb0c19c31518015dacad1af1302b3cd69c0c4785e26cfb220653c805b77cb	51427593e8a06f4dd31f4cc92939288ec3c92cd9e3008db65745f9170acede23	70305b537059b989057c24f7b52ec3e22d427d86f047cc7b223fdc65dd83d2be	qtx	qtx_complete_mip_chain	payload_size_mismatch
75717015327aeaeefd1c533adb9ef86bb37de392def54fe27149c0f38dfa9c84	ff0673d439d2bce3c90019fc247c2c80b8384fc42f7f3c45f870b5ca1401c1fa	8ee860be11bad09b9190a7c9d7e80d5e4ccfd90939b29863351afc07a2ec697d	9b3dad79caad2e9b55d31a37cd8e3356d208bb201a12e9f765fdd502697f6270	qtx	qtx_complete_mip_chain	payload_size_mismatch
78f1ae6effe7031212f8f2b0780d35f516a39b32da2c0cfe05e1047b3ef02f7e	f3dd708cbf49e10204e5faa609a4a7861fb61f0f6a428cf991d0809c67185001	a81f2a1afde95e8cd21a036608ada62996fc4b501d18f82f8a23fce28cf48116	6a914a91d14069f00eb153d80ed0ae9602300501c9f37361fcd86a54dc317bff	qtx	qtx_complete_mip_chain	payload_size_mismatch
82114d2a45054d753a47458a9e32547c2b9a0bbf7f87c689e6c7f7cc456a43a9	76301214365aab2dc9d023fce985dd78e68cb749108d606835c415e3b6b66fb7	4c99388f4a208656c068cdcba1b65c6fc1e01b24f125aa4a4dd87deb91d7d8d2	b2705a2b71579fc4303a727b511fffdafa29a4e4c6256d6bea40d12dec12652d	anim	anim_payload_frame_counts	frame_count_mismatch
a0ae2c9d306a47bc9954727d7eaf0831e6cab27dbfe9901f1ab01a979f38c68c	9453c9bdf35839bd4058feafbe80981e56c8edab98296b8e1ee19c839f7d9185	2110892a8244a7869e000671844c1c8542957987f5cf73dee892b31ddd2c697a	1577b75c4205b346703f019badf1c8ab0427d3c71aeb5a7972b8016b1d8bd626	anim	anim_payload_frame_counts	frame_count_mismatch
a1443c2835c8b27b55a374a019623480065540794f73593c335a6257b3073304	79d18dd83a837767044395cba265b810bb5887a46313155900013845be59d802	1aade2a6714ddcee4d4ea76a788c4387228710ff2911bbcdaa85edd5e024f05c	b463d59c12424659a4e53413a2835fcda045c129594a5ef92443215ec948b2e9	qtx	qtx_complete_mip_chain	payload_size_mismatch
a1579885ef5039b233906888e09ff19a3bb278a1ffdd3d89879460690aade430	2c8be4be97f5e278306d56083df75861694dc93b7e73e45997a54abe00eb64e4	a81f2a1afde95e8cd21a036608ada62996fc4b501d18f82f8a23fce28cf48116	9d958649d802c00d5ae2da293b9a626ed03cdfb11eead4082feb30ffa18c40fd	qtx	qtx_complete_mip_chain	payload_size_mismatch
c058091db09eb8139560e6335da8b29b02e78500e027f51d1a8100c3f8a54827	8c10cf87e2300a9f4dcdeab838f2e931276f6b854145f8a0c743abe89b62f6ad	7ace91d32f4b227b3e913f9fc35b9a1d617b353807661f6e70d49632f13fc175	d7855f7cd4e29628b7c339d2f016d136eca032849066e99f7d51fb6c9e6c6551	anim	anim_payload_frame_counts	frame_count_mismatch
c1c982c7740f347830f91fb7d4089016ffe81d3354223856c0c3c58092beb148	35f8d1e1a7c16e4be2b814f4830f015d97972953587801e1efd571c88d4f861e	8ec1f376c6f65020aec26d6924e7e661cceb787edbc4a7cffd6f9a5e80f59305	4151d8b0f5daa448e5be7949d65b7db3f3dcd776154618766e6e486c772db2e2	qtx	qtx_complete_mip_chain	payload_size_mismatch
c23a00161575b8864fbf37f6e211140663287aa04d5dc7c177bc6e1e2ccd22c7	bf848c54ac59f9028facebc98bb2c1205563198d11f8d7df57b26f76775347f5	63a7c09006e4a376b05c33c62ee8814a075e9edb9de7f56d9c3f70cf902d49f0	ca65b6ec1223c9d375b840fe994e7062f31ee6321db6f64b4f3a9e4f2e8607a6	anim	anim_payload_frame_counts	frame_count_mismatch
f17b595ee96d582e975a4f2d8c07318e8ddc298cb392b7c76aabceb3dbb7f84d	232f6b433e38af715b866468ba49e5773be75a0131b40ef72f10798dcbe616e3	9eae6026a23885d61812317485708ec7bae90de7dce0aae2821393bd2c65dd7d	d08d808d1a85c5c19eee7b4b154e935cf17159c67cc0e9a56e7655a21cbdfe3c	qtx	qtx_complete_mip_chain	payload_size_mismatch
f17b595ee96d582e975a4f2d8c07318e8ddc298cb392b7c76aabceb3dbb7f84d	7c5b12d1bf8516dff324c79f90a63a6be27b51aa06174eebfbb699877c206ddf	9eae6026a23885d61812317485708ec7bae90de7dce0aae2821393bd2c65dd7d	d08d808d1a85c5c19eee7b4b154e935cf17159c67cc0e9a56e7655a21cbdfe3c	qtx	qtx_complete_mip_chain	payload_size_mismatch
f17b595ee96d582e975a4f2d8c07318e8ddc298cb392b7c76aabceb3dbb7f84d	93276111ef260c799e7eda18741298022377a8031a9b1d15ff7105d138814e4d	9eae6026a23885d61812317485708ec7bae90de7dce0aae2821393bd2c65dd7d	d08d808d1a85c5c19eee7b4b154e935cf17159c67cc0e9a56e7655a21cbdfe3c	qtx	qtx_complete_mip_chain	payload_size_mismatch
